-- phpMyAdmin SQL Dump
-- version 4.5.5.1
-- http://www.phpmyadmin.net
--
-- Client :  127.0.0.1
-- Généré le :  Mar 21 Mars 2017 à 11:12
-- Version du serveur :  5.7.11
-- Version de PHP :  5.6.19

SET SQL_MODE = "NO_AUTO_VALUE_ON_ZERO";
SET time_zone = "+00:00";


/*!40101 SET @OLD_CHARACTER_SET_CLIENT=@@CHARACTER_SET_CLIENT */;
/*!40101 SET @OLD_CHARACTER_SET_RESULTS=@@CHARACTER_SET_RESULTS */;
/*!40101 SET @OLD_COLLATION_CONNECTION=@@COLLATION_CONNECTION */;
/*!40101 SET NAMES utf8mb4 */;

--
-- Base de données :  `rpg_dataviz`
--

-- --------------------------------------------------------

--
-- Structure de la table `boss`
--

CREATE TABLE `boss` (
  `id` int(11) NOT NULL,
  `nom` varchar(30) NOT NULL,
  `description` varchar(250) NOT NULL,
  `niveau` int(11) NOT NULL
) ENGINE=InnoDB DEFAULT CHARSET=utf8;

--
-- Contenu de la table `boss`
--

INSERT INTO `boss` (`id`, `nom`, `description`, `niveau`) VALUES
(1, 'Archerus', 'Un gigantesque cavalier maniant deux épées lourdes.\r\nPeu de gens sont sortis vivant d\'un combat avec lui.', 70),
(2, 'Zootopio', 'Un gigantesque lapin qui a la rage.\r\nIl n\'est pas recommandé de devenir sa cible pour son repas.', 36),
(3, 'Armon', 'Un épéiste légendaire tueur de morts vivants.\r\nSon sens de la justice a fini par causer sa perte.', 43),
(4, 'Midnight', 'Un dragon cauchemardesque qui absorbe toute vie et toute lumière l\'entourant.', 79),
(5, 'L\'éclopé', 'Ce monstre a été créer par un savant fou menant des expériences sur la mutation humaine.\r\nLe résultat n\'est pas beau à voir...', 27),
(6, 'Gaïa', 'Déesse de la Terre, elle est la maîtresse de toute vie.\r\nRéussir son épreuve de force relève du miracle.', 100),
(7, 'Aurora', 'Prêtresse de la lumière déchue.\r\nSes sorts qui autrefois sauvaient de nombreuses vies sont maintenant teinté de mort.', 55),
(8, 'Spyrow', 'Dragon de feu très attiré par ce qui brille.\r\nSon souffle atteint des températures démentielles.', 62),
(9, 'Van Leaf', 'Cet homme est l\'un des chef des factions d\'assassins.\r\nIl agit dans l\'ombre et tue furtivement ses ennemis.', 18),
(10, 'Artigal', 'Ce chef centaure n\'a aucune pitié.\r\nSa pratique favorite est de piétiner ses ennemis. Une mort lente et douloureuse.', 26),
(11, 'Meca-Destructeur', 'Ce robot est issu d\'une invention qui a mal tourné. Tous les ingénieurs qui l\'ont conçus sont morts quand il s\'est réveillé.', 38),
(12, 'Ganondwarf', 'Un nain très en colère car on lui a volé son trésor.\r\nIl manie une énorme épée et fait preuve d\'une habileté surprenante pour un nain.', 86),
(13, 'Stupeflop', 'Un truc trapu qui te prends aux tripes.', 95),
(14, 'Reine harpie', 'Son cri strident rendrait sourd un aveugle.', 12),
(15, 'Titan de chair', 'Monstre géant qui apparaît soudainement pour vous barrer la route.', 61);

-- --------------------------------------------------------

--
-- Structure de la table `classe`
--

CREATE TABLE `classe` (
  `id` int(11) NOT NULL,
  `nom` varchar(30) NOT NULL,
  `description` varchar(250) NOT NULL
) ENGINE=InnoDB DEFAULT CHARSET=utf8;

--
-- Contenu de la table `classe`
--

INSERT INTO `classe` (`id`, `nom`, `description`) VALUES
(1, 'Guerrier', 'Des bourrins. \r\nIls maîtrisent toute sorte d\'armes pour trucider leurs adversaires.'),
(2, 'Prêtre', 'Ils utilisent leur foi comme arme contre leurs ennemis et comme soutien pour leurs alliés.\r\nAdeptes du culte de Travia.'),
(3, 'Chasseur', 'Ils maîtrisent les armes à feu et possèdent un familier.\r\nSelon le chasseur, ce familier peut ne pas être mignon du tout.'),
(4, 'Mage', 'Ils maîtrisent la magie dans le seul et unique but de détruire leurs ennemis.\r\nLes mages peuvent se spécialiser dans un élément ou en fusionné certains.'),
(5, 'Druide', 'Amis de la nature, les druides vivent en harmonie dans la forêt et utilisent leurs multiples pouvoirs pour la protéger.'),
(6, 'Voleur', 'Sournois et lâches, les voleurs sont à craindre de leurs ennemis.\r\nIls apparaissent toujours là où on ne veut pas les voir pour nous trucider (et accessoirement nous faire les poches)'),
(7, 'Ingénieur', 'Habile et malin, les ingénieurs utilisent leurs inventions pour vaincre leurs ennemis.'),
(8, 'Moine', 'Spécialiste du corps à corps, les moines sont très puissants quand il s\'agit de terrasser à mains nus leurs ennemis.'),
(9, 'Ninja', 'Experts en camouflage et en technique élémentaire, les ninjas sont des adversaires puissants craint par de nombreuses factions.'),
(10, 'Paladin', 'Dôté de la grâce de la lumière, les paladins utilisent ce don pour répandre le bien et détruire le mal.');

-- --------------------------------------------------------

--
-- Structure de la table `combat`
--

CREATE TABLE `combat` (
  `id` int(11) NOT NULL,
  `perso` int(11) NOT NULL,
  `donjon` int(11) NOT NULL,
  `difficulte` int(11) NOT NULL,
  `nombre_de_mort` int(11) NOT NULL,
  `date` date NOT NULL,
  `isBossDead` tinyint(1) NOT NULL
) ENGINE=InnoDB DEFAULT CHARSET=utf8;

--
-- Contenu de la table `combat`
--

INSERT INTO `combat` (`id`, `perso`, `donjon`, `difficulte`, `nombre_de_mort`, `date`, `isBossDead`) VALUES
(1, 54, 14, 1, 8, '2017-01-03', 0),
(2, 6, 14, 1, 5, '2017-01-05', 0),
(3, 4, 14, 1, 6, '2017-01-09', 0),
(4, 60, 14, 1, 3, '2017-01-12', 0),
(5, 62, 14, 1, 4, '2017-01-14', 0),
(6, 62, 14, 1, 6, '2017-01-17', 0),
(7, 50, 14, 1, 6, '2017-01-18', 1),
(8, 50, 14, 1, 0, '2017-01-20', 1),
(9, 50, 9, 1, 9, '2017-01-25', 0),
(10, 36, 14, 1, 2, '2017-02-02', 0),
(11, 36, 14, 1, 6, '2017-02-04', 1),
(12, 15, 14, 1, 3, '2017-02-06', 1),
(13, 15, 9, 1, 8, '2017-02-08', 0),
(14, 25, 9, 1, 6, '2017-02-08', 1),
(15, 25, 14, 1, 2, '2017-02-10', 1),
(16, 59, 14, 1, 0, '2017-02-09', 1),
(17, 59, 9, 1, 11, '2017-02-15', 1),
(18, 20, 14, 1, 5, '2017-02-16', 1),
(19, 20, 9, 1, 4, '2017-02-23', 1),
(20, 45, 14, 1, 3, '2017-02-24', 1),
(21, 45, 9, 1, 6, '2017-02-25', 1),
(22, 45, 10, 1, 5, '2017-02-25', 1),
(23, 45, 5, 1, 9, '2017-03-01', 1),
(24, 45, 14, 2, 10, '2017-03-02', 0),
(25, 42, 14, 1, 6, '2017-03-06', 1),
(26, 42, 10, 1, 4, '2017-03-09', 1),
(27, 14, 10, 1, 3, '2017-03-16', 1),
(28, 14, 14, 2, 3, '2017-03-21', 1),
(29, 14, 10, 1, 8, '2017-03-22', 1),
(30, 44, 14, 1, 6, '2017-03-22', 1),
(31, 44, 14, 2, 2, '2017-03-23', 1),
(32, 44, 9, 1, 6, '2017-03-23', 1),
(33, 44, 9, 2, 4, '2017-03-24', 0),
(34, 21, 14, 1, 1, '2017-03-25', 1),
(35, 21, 9, 2, 4, '2017-03-30', 1),
(36, 21, 10, 1, 4, '2017-03-31', 0),
(37, 21, 10, 1, 6, '2017-04-04', 1),
(38, 21, 10, 2, 6, '2017-04-06', 0),
(39, 12, 10, 1, 8, '2017-04-11', 1),
(40, 12, 14, 1, 6, '2017-04-11', 1),
(41, 60, 14, 1, 6, '2017-01-14', 1),
(42, 14, 5, 1, 8, '2017-03-17', 0),
(43, 12, 2, 1, 12, '2017-04-13', 0),
(44, 12, 2, 1, 2, '2017-04-15', 1),
(45, 12, 9, 1, 6, '2017-04-18', 1),
(46, 12, 9, 2, 8, '2017-04-20', 0),
(47, 34, 14, 1, 4, '2017-04-25', 1),
(48, 34, 14, 2, 4, '2017-04-29', 1),
(49, 34, 10, 1, 4, '2017-05-01', 1),
(50, 39, 5, 1, 4, '2017-05-02', 1),
(51, 39, 11, 1, 8, '2017-05-03', 1),
(52, 39, 11, 2, 6, '2017-05-05', 0),
(53, 27, 14, 1, 2, '2017-05-11', 1),
(54, 27, 9, 1, 4, '2017-05-12', 0),
(55, 27, 10, 1, 4, '2017-05-13', 0),
(56, 27, 11, 1, 4, '2017-05-15', 1),
(57, 31, 14, 1, 6, '2017-05-16', 1),
(58, 31, 5, 1, 3, '2017-05-18', 1),
(59, 31, 2, 1, 8, '2017-05-23', 1),
(60, 31, 2, 2, 8, '2017-05-24', 1),
(61, 28, 9, 1, 5, '2017-05-25', 1),
(62, 28, 10, 1, 4, '2017-05-30', 1),
(63, 28, 10, 2, 8, '2017-05-31', 1),
(64, 28, 2, 1, 8, '2017-06-01', 0),
(65, 26, 9, 1, 3, '2017-06-02', 1),
(66, 26, 3, 1, 8, '2017-06-03', 1),
(67, 26, 2, 1, 4, '2017-06-05', 1),
(68, 26, 10, 1, 6, '2017-06-06', 0),
(69, 22, 9, 1, 6, '2017-06-06', 1),
(70, 22, 5, 1, 6, '2017-06-11', 0),
(71, 22, 2, 1, 8, '2017-06-12', 1),
(72, 22, 3, 1, 9, '2017-06-13', 0),
(73, 18, 11, 1, 8, '2017-06-14', 1),
(74, 18, 11, 2, 9, '2017-06-14', 1),
(75, 18, 3, 1, 4, '2017-06-18', 1),
(76, 18, 3, 2, 6, '2017-06-19', 0),
(77, 18, 3, 2, 4, '2017-06-20', 1),
(78, 28, 9, 2, 8, '2017-05-26', 1),
(79, 1, 10, 3, 3, '2017-06-07', 0),
(80, 1, 9, 3, 12, '2017-10-25', 1),
(81, 1, 7, 2, 14, '2017-06-11', 1),
(82, 1, 3, 1, 10, '2017-12-02', 1),
(83, 1, 4, 3, 13, '2017-11-28', 0),
(84, 2, 14, 1, 10, '2017-08-29', 1),
(85, 2, 2, 3, 3, '2017-10-16', 1),
(86, 2, 8, 3, 10, '2017-09-28', 1),
(87, 2, 8, 1, 10, '2017-10-21', 0),
(88, 2, 2, 5, 14, '2017-07-22', 1),
(89, 2, 11, 2, 5, '2017-08-17', 0),
(90, 2, 8, 3, 15, '2017-12-12', 0),
(91, 2, 14, 1, 2, '2017-09-15', 0),
(92, 2, 11, 3, 9, '2017-09-13', 0),
(93, 2, 15, 5, 11, '2017-06-07', 1),
(94, 3, 15, 3, 8, '2017-07-13', 0),
(95, 3, 1, 2, 7, '2017-08-14', 1),
(96, 3, 10, 5, 2, '2017-07-21', 0),
(97, 3, 8, 4, 12, '2017-10-20', 0),
(98, 3, 5, 4, 5, '2017-09-29', 1),
(99, 3, 8, 4, 9, '2017-06-27', 0),
(100, 5, 15, 3, 1, '2017-07-21', 0),
(101, 5, 14, 4, 6, '2017-06-26', 0),
(102, 5, 14, 5, 13, '2017-06-05', 0),
(103, 5, 1, 5, 12, '2017-11-16', 0),
(104, 5, 5, 3, 9, '2017-10-18', 1),
(105, 5, 3, 3, 7, '2017-10-11', 0),
(106, 5, 9, 5, 11, '2017-10-23', 0),
(107, 5, 10, 1, 12, '2017-11-13', 0),
(108, 7, 5, 3, 1, '2017-10-15', 0),
(109, 7, 7, 2, 5, '2017-11-01', 0),
(110, 7, 10, 2, 15, '2017-08-18', 0),
(111, 7, 8, 1, 11, '2017-09-16', 0),
(112, 7, 10, 3, 8, '2017-09-01', 0),
(113, 7, 12, 1, 3, '2017-11-10', 1),
(114, 7, 7, 1, 7, '2017-07-15', 1),
(115, 7, 8, 2, 10, '2017-07-16', 0),
(116, 7, 14, 2, 14, '2017-08-10', 1),
(117, 8, 7, 3, 5, '2017-11-08', 0),
(118, 8, 11, 3, 6, '2017-10-19', 0),
(119, 8, 12, 1, 9, '2017-10-28', 1),
(120, 8, 3, 1, 7, '2017-12-13', 0),
(121, 8, 9, 3, 8, '2017-08-17', 1),
(122, 9, 14, 2, 3, '2017-10-21', 0),
(123, 9, 15, 2, 6, '2017-06-06', 0),
(124, 9, 2, 5, 5, '2017-09-29', 1),
(125, 9, 7, 2, 10, '2017-10-29', 1),
(126, 9, 11, 2, 2, '2017-12-25', 1),
(127, 9, 10, 1, 13, '2017-08-22', 1),
(128, 9, 3, 5, 1, '2017-08-27', 1),
(129, 9, 14, 5, 9, '2017-07-01', 0),
(130, 9, 3, 2, 3, '2017-06-19', 0),
(131, 9, 15, 1, 2, '2017-12-22', 1),
(132, 11, 11, 4, 13, '2017-09-09', 1),
(133, 11, 14, 1, 8, '2017-11-10', 1),
(134, 11, 10, 5, 15, '2017-07-13', 1),
(135, 11, 1, 5, 10, '2017-08-27', 1),
(136, 11, 4, 4, 14, '2017-12-02', 0),
(137, 11, 14, 4, 8, '2017-08-09', 1),
(138, 11, 15, 3, 6, '2017-06-17', 0),
(139, 11, 2, 5, 14, '2017-10-10', 0),
(140, 11, 1, 3, 7, '2017-07-22', 1),
(141, 11, 9, 1, 6, '2017-11-03', 1),
(142, 13, 10, 3, 8, '2017-08-09', 1),
(143, 13, 1, 4, 3, '2017-09-06', 0),
(144, 13, 1, 4, 6, '2017-06-11', 1),
(145, 16, 5, 5, 7, '2017-06-28', 1),
(146, 16, 7, 4, 14, '2017-08-24', 0),
(147, 16, 8, 5, 7, '2017-07-14', 1),
(148, 16, 1, 1, 14, '2017-09-25', 1),
(149, 16, 1, 2, 8, '2017-08-12', 1),
(150, 16, 4, 1, 9, '2017-06-28', 1),
(151, 16, 10, 5, 15, '2017-08-28', 1),
(152, 16, 7, 1, 6, '2017-07-17', 0),
(153, 16, 1, 2, 10, '2017-10-10', 1),
(154, 17, 2, 3, 3, '2017-07-13', 0),
(155, 17, 8, 4, 11, '2017-11-25', 1),
(156, 17, 12, 4, 3, '2017-08-09', 0),
(157, 17, 4, 4, 9, '2017-11-06', 0),
(158, 17, 8, 2, 5, '2017-08-27', 0),
(159, 18, 5, 3, 3, '2017-07-25', 1),
(160, 18, 11, 5, 4, '2017-08-31', 0),
(161, 18, 11, 3, 1, '2017-12-22', 0),
(162, 18, 7, 5, 8, '2017-08-12', 1),
(163, 18, 7, 4, 4, '2017-12-08', 1),
(164, 19, 8, 5, 1, '2017-09-11', 0),
(165, 19, 12, 1, 15, '2017-06-01', 1),
(166, 19, 13, 5, 8, '2017-07-25', 0),
(167, 19, 15, 1, 6, '2017-07-07', 0),
(168, 19, 12, 5, 2, '2017-06-03', 1),
(169, 19, 6, 2, 15, '2017-12-05', 1),
(170, 19, 14, 3, 1, '2017-11-03', 1),
(171, 19, 14, 3, 15, '2017-12-08', 1),
(172, 29, 2, 1, 13, '2017-12-18', 1),
(173, 29, 8, 3, 6, '2017-08-24', 1),
(174, 29, 9, 5, 9, '2017-08-19', 0),
(175, 29, 10, 1, 9, '2017-10-05', 0),
(176, 29, 14, 5, 4, '2017-07-30', 0),
(177, 29, 2, 2, 12, '2017-07-12', 0),
(178, 29, 14, 3, 7, '2017-07-09', 0),
(179, 30, 10, 3, 3, '2017-07-09', 0),
(180, 30, 11, 3, 3, '2017-08-18', 0),
(181, 30, 5, 5, 10, '2017-10-24', 0),
(182, 30, 15, 1, 11, '2017-12-17', 0),
(183, 30, 9, 4, 14, '2017-12-17', 0),
(184, 30, 9, 5, 6, '2017-09-16', 0),
(185, 30, 15, 1, 4, '2017-07-22', 0),
(186, 30, 7, 5, 11, '2017-07-26', 0),
(187, 32, 5, 2, 3, '2017-06-07', 1),
(188, 32, 8, 2, 15, '2017-09-17', 0),
(189, 32, 9, 5, 14, '2017-10-21', 0),
(190, 33, 7, 2, 12, '2017-07-02', 0),
(191, 33, 11, 3, 15, '2017-11-06', 1),
(192, 33, 14, 4, 7, '2017-07-08', 0),
(193, 35, 2, 2, 15, '2017-10-08', 1),
(194, 35, 7, 4, 3, '2017-12-20', 0),
(195, 35, 8, 1, 6, '2017-11-12', 1),
(196, 35, 7, 3, 5, '2017-08-20', 1),
(197, 35, 2, 2, 2, '2017-09-15', 1),
(198, 35, 8, 5, 5, '2017-12-22', 1),
(199, 35, 10, 2, 15, '2017-07-14', 0),
(200, 35, 11, 3, 13, '2017-07-16', 1),
(201, 35, 9, 2, 12, '2017-07-01', 0),
(202, 37, 10, 2, 5, '2017-07-13', 0),
(203, 37, 11, 1, 14, '2017-06-14', 0),
(204, 37, 9, 2, 5, '2017-06-14', 1),
(205, 37, 5, 1, 7, '2017-12-15', 1),
(206, 37, 9, 5, 7, '2017-06-29', 1),
(207, 38, 2, 3, 2, '2017-06-20', 0),
(208, 38, 12, 5, 9, '2017-12-25', 1),
(209, 38, 4, 1, 7, '2017-08-29', 1),
(210, 38, 2, 3, 3, '2017-12-13', 0),
(211, 38, 12, 1, 8, '2017-09-21', 0),
(212, 38, 14, 5, 10, '2017-09-14', 1),
(213, 40, 8, 3, 8, '2017-12-02', 1),
(214, 40, 2, 2, 6, '2017-07-31', 0),
(215, 40, 10, 4, 8, '2017-09-05', 1),
(216, 40, 3, 1, 8, '2017-08-08', 0),
(217, 40, 1, 3, 9, '2017-10-29', 0),
(218, 40, 8, 1, 5, '2017-07-13', 1),
(219, 40, 8, 4, 7, '2017-12-14', 0),
(220, 40, 2, 4, 13, '2017-11-13', 1),
(221, 40, 2, 4, 10, '2017-07-22', 1),
(222, 41, 7, 4, 8, '2017-06-07', 0),
(223, 41, 10, 4, 11, '2017-08-04', 0),
(224, 41, 7, 1, 7, '2017-07-02', 1),
(225, 41, 14, 2, 12, '2017-06-21', 0),
(226, 41, 3, 1, 7, '2017-09-26', 1),
(227, 41, 9, 1, 6, '2017-11-17', 1),
(228, 41, 15, 1, 7, '2017-12-08', 1),
(229, 41, 15, 3, 10, '2017-11-20', 1),
(230, 43, 3, 3, 12, '2017-07-29', 0),
(231, 43, 14, 1, 3, '2017-12-29', 1),
(232, 43, 12, 2, 3, '2017-07-27', 1),
(233, 43, 2, 2, 4, '2017-11-15', 0),
(234, 43, 14, 3, 13, '2017-08-16', 1),
(235, 43, 9, 1, 7, '2017-12-01', 1),
(236, 43, 15, 3, 8, '2017-11-21', 1),
(237, 43, 8, 1, 3, '2017-07-10', 0),
(238, 43, 11, 3, 12, '2017-09-14', 0),
(239, 43, 10, 2, 3, '2017-11-30', 1),
(240, 46, 13, 1, 9, '2017-07-13', 1),
(241, 46, 11, 4, 5, '2017-06-08', 0),
(242, 46, 12, 1, 7, '2017-07-22', 1),
(243, 47, 14, 1, 12, '2017-09-17', 0),
(244, 47, 8, 1, 14, '2017-12-19', 0),
(245, 47, 5, 4, 4, '2017-12-24', 1),
(246, 48, 11, 4, 8, '2017-10-13', 0),
(247, 48, 5, 5, 3, '2017-07-12', 0),
(248, 48, 9, 4, 14, '2017-09-08', 0),
(249, 48, 2, 5, 10, '2017-12-11', 1),
(250, 48, 11, 4, 9, '2017-08-31', 0),
(251, 49, 15, 4, 1, '2017-06-03', 0),
(252, 49, 5, 3, 5, '2017-06-01', 0),
(253, 49, 2, 1, 9, '2017-06-01', 0),
(254, 49, 1, 3, 6, '2017-07-17', 1),
(255, 49, 11, 3, 8, '2017-09-26', 1),
(256, 49, 12, 2, 11, '2017-10-31', 0),
(257, 49, 5, 2, 2, '2017-08-14', 1),
(258, 49, 13, 3, 1, '2017-07-13', 1),
(259, 49, 2, 5, 14, '2017-06-10', 1),
(260, 49, 9, 4, 5, '2017-09-05', 1),
(261, 51, 2, 3, 11, '2017-08-28', 0),
(262, 51, 9, 5, 4, '2017-09-10', 0),
(263, 51, 9, 1, 4, '2017-12-03', 0),
(264, 51, 8, 3, 14, '2017-10-04', 0),
(265, 51, 2, 2, 5, '2017-11-24', 0),
(266, 51, 4, 3, 15, '2017-12-05', 1),
(267, 51, 8, 4, 12, '2017-08-24', 0),
(268, 51, 12, 2, 2, '2017-11-06', 1),
(269, 51, 10, 1, 9, '2017-09-13', 1),
(270, 52, 10, 1, 4, '2017-07-01', 0),
(271, 52, 8, 1, 10, '2017-10-03', 0),
(272, 52, 12, 1, 15, '2017-10-26', 0),
(273, 52, 12, 5, 15, '2017-10-19', 0),
(274, 53, 5, 2, 13, '2017-12-08', 0),
(275, 53, 10, 1, 4, '2017-09-12', 1),
(276, 53, 3, 1, 4, '2017-06-27', 0),
(277, 53, 11, 5, 2, '2017-06-26', 1),
(278, 53, 14, 2, 7, '2017-06-11', 0),
(279, 53, 7, 1, 11, '2017-10-09', 1),
(280, 53, 14, 5, 9, '2017-09-26', 0),
(281, 53, 8, 2, 15, '2017-08-14', 0),
(282, 53, 9, 3, 4, '2017-10-27', 1),
(283, 55, 6, 3, 14, '2017-10-13', 0),
(284, 55, 8, 4, 2, '2017-09-01', 1),
(285, 55, 9, 4, 14, '2017-11-21', 0),
(286, 55, 13, 5, 3, '2017-09-03', 1),
(287, 55, 10, 3, 11, '2017-11-29', 1),
(288, 55, 3, 1, 4, '2017-11-27', 0),
(289, 55, 14, 2, 15, '2017-11-21', 0),
(290, 55, 1, 3, 14, '2017-07-17', 1),
(291, 55, 7, 2, 10, '2017-10-31', 0),
(292, 55, 6, 4, 1, '2017-07-17', 1),
(293, 56, 4, 3, 5, '2017-09-25', 0),
(294, 56, 3, 4, 12, '2017-11-23', 0),
(295, 56, 10, 3, 8, '2017-10-11', 1),
(296, 56, 11, 5, 3, '2017-12-18', 1),
(297, 56, 14, 2, 11, '2017-12-17', 1),
(298, 56, 10, 3, 14, '2017-10-11', 1),
(299, 56, 8, 2, 4, '2017-11-17', 0),
(300, 56, 11, 2, 4, '2017-09-02', 1),
(301, 57, 12, 3, 4, '2017-07-12', 0),
(302, 57, 9, 1, 14, '2017-10-01', 1),
(303, 57, 2, 1, 15, '2017-06-24', 1),
(304, 58, 13, 2, 12, '2017-11-09', 0),
(305, 58, 9, 1, 5, '2017-06-19', 1),
(306, 58, 15, 4, 15, '2017-11-08', 1),
(307, 58, 4, 1, 3, '2017-12-09', 1),
(308, 58, 7, 4, 10, '2017-10-16', 1),
(309, 61, 11, 4, 6, '2017-10-11', 0),
(310, 61, 3, 5, 9, '2017-11-11', 1),
(311, 61, 15, 4, 6, '2017-10-13', 0),
(312, 61, 10, 2, 4, '2017-07-25', 1),
(313, 61, 11, 3, 5, '2017-09-27', 1),
(314, 4, 14, 5, 9, '2017-10-09', 1),
(315, 4, 14, 3, 9, '2017-09-23', 0),
(316, 4, 14, 5, 4, '2017-09-01', 1),
(317, 4, 14, 3, 7, '2017-09-20', 1),
(318, 4, 14, 5, 9, '2017-06-03', 0),
(319, 4, 14, 3, 10, '2017-07-21', 0),
(320, 4, 14, 3, 14, '2017-08-28', 1),
(321, 4, 14, 2, 11, '2017-10-16', 1),
(322, 4, 14, 3, 13, '2017-10-05', 1),
(323, 6, 14, 1, 8, '2017-06-16', 1),
(324, 6, 14, 5, 6, '2017-08-18', 0),
(325, 6, 14, 3, 3, '2017-06-11', 1),
(326, 6, 14, 4, 12, '2017-11-27', 1),
(327, 6, 14, 1, 11, '2017-07-05', 0),
(328, 6, 14, 3, 5, '2017-09-25', 0),
(329, 12, 11, 3, 6, '2017-06-11', 1),
(330, 12, 11, 2, 2, '2017-08-06', 1),
(331, 12, 11, 2, 4, '2017-11-25', 0),
(332, 12, 11, 4, 5, '2017-11-16', 0),
(333, 12, 11, 1, 13, '2017-12-13', 0),
(334, 12, 10, 2, 2, '2017-07-27', 1),
(335, 12, 10, 5, 12, '2017-10-09', 0),
(336, 12, 3, 5, 2, '2017-06-22', 1),
(337, 14, 14, 5, 13, '2017-06-16', 1),
(338, 14, 10, 4, 11, '2017-09-02', 0),
(339, 14, 10, 3, 15, '2017-11-06', 1),
(340, 15, 9, 4, 12, '2017-12-08', 1),
(341, 15, 9, 5, 8, '2017-07-30', 1),
(342, 15, 9, 5, 13, '2017-12-28', 1),
(343, 15, 14, 3, 3, '2017-08-15', 1),
(344, 15, 9, 3, 13, '2017-07-14', 1),
(345, 20, 9, 5, 9, '2017-10-15', 1),
(346, 20, 9, 2, 10, '2017-07-06', 0),
(347, 20, 9, 5, 11, '2017-09-13', 1),
(348, 21, 5, 4, 4, '2017-10-28', 1),
(349, 21, 9, 1, 9, '2017-10-05', 1),
(350, 21, 10, 4, 10, '2017-11-03', 0),
(351, 21, 10, 2, 8, '2017-10-08', 1),
(352, 22, 10, 3, 2, '2017-10-06', 0),
(353, 22, 7, 4, 5, '2017-12-11', 0),
(354, 22, 11, 2, 10, '2017-11-22', 1),
(355, 22, 2, 4, 2, '2017-12-07', 1),
(356, 22, 9, 3, 12, '2017-12-28', 1),
(357, 25, 14, 1, 9, '2017-08-24', 1),
(358, 25, 14, 4, 6, '2017-09-07', 1),
(359, 25, 9, 5, 2, '2017-10-27', 1),
(360, 25, 9, 2, 4, '2017-12-12', 0),
(361, 25, 14, 5, 12, '2017-07-20', 1),
(362, 25, 9, 2, 6, '2017-11-02', 0),
(363, 25, 9, 4, 10, '2017-06-28', 1),
(364, 25, 9, 1, 11, '2017-07-27', 1),
(365, 25, 9, 2, 7, '2017-12-25', 0),
(366, 26, 14, 2, 6, '2017-08-15', 1),
(367, 26, 9, 3, 8, '2017-11-05', 1),
(368, 26, 7, 2, 15, '2017-12-10', 0),
(369, 26, 5, 2, 12, '2017-10-17', 1),
(370, 27, 2, 4, 15, '2017-12-21', 0),
(371, 27, 11, 2, 1, '2017-07-12', 0),
(372, 27, 14, 3, 7, '2017-12-09', 0),
(373, 27, 3, 2, 13, '2017-07-07', 1),
(374, 27, 11, 2, 10, '2017-08-07', 1),
(375, 28, 5, 4, 6, '2017-08-19', 1),
(376, 28, 14, 3, 6, '2017-11-26', 1),
(377, 28, 11, 3, 6, '2017-09-15', 0),
(378, 28, 10, 5, 1, '2017-08-14', 1),
(379, 28, 9, 3, 12, '2017-07-24', 0),
(380, 28, 10, 5, 5, '2017-11-26', 0),
(381, 31, 2, 3, 7, '2017-12-09', 1),
(382, 31, 11, 3, 9, '2017-10-16', 0),
(383, 31, 9, 2, 10, '2017-10-31', 0),
(384, 31, 10, 2, 9, '2017-12-05', 1),
(385, 31, 2, 1, 15, '2017-10-26', 0),
(386, 31, 10, 4, 2, '2017-07-29', 0),
(387, 31, 11, 5, 13, '2017-10-06', 0),
(388, 31, 5, 2, 1, '2017-09-05', 0),
(389, 34, 14, 2, 12, '2017-07-06', 0),
(390, 34, 5, 4, 8, '2017-08-08', 0),
(391, 34, 2, 3, 5, '2017-07-18', 1),
(392, 34, 5, 2, 1, '2017-11-28', 1),
(393, 34, 5, 3, 6, '2017-06-05', 0),
(394, 34, 14, 4, 4, '2017-07-12', 1),
(395, 34, 9, 3, 5, '2017-10-31', 0),
(396, 34, 9, 1, 9, '2017-06-14', 1),
(397, 36, 14, 1, 5, '2017-06-21', 0),
(398, 36, 9, 3, 11, '2017-06-19', 0),
(399, 36, 14, 5, 4, '2017-12-01', 1),
(400, 36, 9, 2, 13, '2017-06-12', 0),
(401, 36, 9, 3, 12, '2017-10-17', 1),
(402, 36, 9, 2, 15, '2017-10-05', 0),
(403, 36, 9, 2, 2, '2017-11-15', 1),
(404, 39, 11, 3, 5, '2017-07-04', 1),
(405, 39, 3, 5, 5, '2017-07-07', 1),
(406, 39, 9, 4, 10, '2017-08-21', 0),
(407, 39, 5, 4, 7, '2017-12-16', 0),
(408, 39, 14, 1, 11, '2017-08-28', 0),
(409, 39, 5, 2, 11, '2017-07-09', 0),
(410, 39, 5, 3, 5, '2017-10-24', 1),
(411, 39, 9, 4, 4, '2017-12-21', 0),
(412, 39, 3, 5, 3, '2017-06-17', 1),
(413, 39, 3, 5, 13, '2017-10-10', 0),
(414, 42, 5, 4, 8, '2017-07-19', 0),
(415, 42, 5, 2, 4, '2017-11-04', 1),
(416, 42, 10, 2, 5, '2017-11-14', 1),
(417, 42, 9, 3, 9, '2017-12-22', 1),
(418, 42, 9, 3, 15, '2017-06-08', 1),
(419, 44, 10, 5, 2, '2017-11-20', 0),
(420, 44, 5, 3, 10, '2017-06-26', 1),
(421, 44, 9, 5, 15, '2017-09-07', 1),
(422, 44, 11, 5, 15, '2017-07-27', 1),
(423, 44, 5, 1, 4, '2017-07-05', 0),
(424, 44, 11, 4, 8, '2017-08-11', 0),
(425, 45, 9, 2, 8, '2017-10-21', 1),
(426, 45, 10, 1, 9, '2017-10-28', 0),
(427, 45, 5, 2, 13, '2017-09-27', 1),
(428, 45, 5, 4, 3, '2017-06-14', 0),
(429, 45, 14, 2, 2, '2017-06-20', 0),
(430, 45, 9, 5, 13, '2017-11-29', 0),
(431, 45, 5, 1, 10, '2017-08-14', 0),
(432, 45, 9, 3, 5, '2017-11-18', 0),
(433, 45, 14, 5, 11, '2017-07-10', 1),
(434, 50, 14, 1, 3, '2017-12-23', 0),
(435, 50, 9, 1, 4, '2017-06-02', 0),
(436, 50, 9, 1, 8, '2017-08-14', 0),
(437, 50, 9, 4, 8, '2017-09-12', 0),
(438, 50, 9, 5, 12, '2017-11-20', 0),
(439, 50, 9, 4, 1, '2017-07-05', 0),
(440, 50, 14, 1, 12, '2017-08-08', 1),
(441, 1, 4, 1, 8, '2017-02-14', 1),
(442, 2, 5, 1, 6, '2017-04-09', 1),
(443, 3, 2, 3, 1, '2017-01-04', 0),
(444, 3, 5, 3, 9, '2017-03-04', 0),
(445, 3, 1, 1, 3, '2017-05-05', 1),
(446, 4, 14, 4, 6, '2017-05-07', 0),
(447, 5, 9, 4, 3, '2017-01-24', 1),
(448, 6, 14, 1, 4, '2017-01-08', 0),
(449, 6, 14, 5, 5, '2017-04-27', 1),
(450, 7, 12, 5, 10, '2017-05-04', 1),
(451, 7, 2, 5, 5, '2017-05-06', 0),
(452, 8, 13, 2, 6, '2017-01-15', 0),
(453, 9, 7, 3, 1, '2017-04-06', 1),
(454, 11, 2, 1, 4, '2017-02-02', 1),
(455, 12, 9, 3, 5, '2017-03-24', 0),
(456, 12, 11, 3, 7, '2017-02-22', 1),
(457, 12, 9, 2, 5, '2017-03-21', 1),
(458, 13, 14, 3, 3, '2017-04-19', 0),
(459, 14, 10, 2, 1, '2017-04-22', 0),
(460, 14, 9, 1, 7, '2017-04-21', 1),
(461, 14, 9, 4, 8, '2017-04-21', 0),
(462, 15, 9, 5, 9, '2017-01-09', 1),
(463, 15, 9, 2, 4, '2017-01-21', 0),
(464, 16, 9, 1, 7, '2017-04-23', 0),
(465, 16, 1, 1, 8, '2017-02-27', 1),
(466, 16, 4, 3, 5, '2017-02-24', 0),
(467, 17, 7, 3, 9, '2017-05-10', 0),
(468, 17, 3, 2, 7, '2017-04-15', 0),
(469, 17, 13, 2, 7, '2017-01-18', 0),
(470, 18, 9, 2, 2, '2017-03-21', 1),
(471, 18, 7, 3, 3, '2017-04-09', 1),
(472, 18, 9, 3, 7, '2017-01-31', 0),
(473, 19, 8, 4, 8, '2017-05-09', 0),
(474, 19, 11, 5, 2, '2017-01-10', 0),
(475, 20, 9, 5, 6, '2017-05-15', 1),
(476, 20, 14, 3, 4, '2017-02-14', 1),
(477, 20, 9, 1, 4, '2017-01-14', 0),
(478, 21, 11, 1, 3, '2017-04-11', 1),
(479, 22, 14, 5, 1, '2017-01-06', 0),
(480, 25, 14, 5, 8, '2017-04-15', 1),
(481, 25, 9, 5, 5, '2017-03-31', 1),
(482, 26, 3, 5, 6, '2017-03-18', 0),
(483, 26, 3, 5, 4, '2017-03-12', 0),
(484, 26, 5, 2, 10, '2017-01-23', 1),
(485, 27, 9, 2, 1, '2017-04-20', 1),
(486, 27, 2, 1, 10, '2017-05-07', 0),
(487, 28, 10, 2, 4, '2017-05-31', 0),
(488, 28, 11, 5, 8, '2017-04-27', 0),
(489, 28, 9, 1, 10, '2017-02-03', 0),
(490, 29, 14, 4, 1, '2017-05-27', 1),
(491, 29, 9, 5, 8, '2017-05-21', 1),
(492, 30, 8, 1, 6, '2017-04-30', 0),
(493, 30, 2, 1, 4, '2017-03-07', 0),
(494, 30, 5, 4, 3, '2017-05-16', 0),
(495, 31, 3, 5, 2, '2017-01-03', 0),
(496, 32, 1, 2, 10, '2017-03-13', 1),
(497, 33, 7, 3, 3, '2017-05-28', 1),
(498, 33, 11, 2, 1, '2017-01-24', 1),
(499, 34, 9, 2, 1, '2017-04-06', 0),
(500, 34, 10, 4, 10, '2017-02-25', 0),
(501, 35, 8, 3, 6, '2017-01-14', 0),
(502, 35, 6, 3, 9, '2017-04-25', 0),
(503, 36, 14, 2, 8, '2017-05-18', 0),
(504, 36, 9, 4, 10, '2017-04-13', 1),
(505, 37, 8, 4, 4, '2017-01-20', 1),
(506, 37, 7, 5, 3, '2017-03-20', 0),
(507, 37, 10, 3, 1, '2017-03-13', 0),
(508, 38, 1, 2, 9, '2017-01-23', 1),
(509, 39, 11, 3, 10, '2017-02-13', 1),
(510, 39, 11, 2, 3, '2017-04-15', 1),
(511, 39, 10, 3, 6, '2017-05-03', 0),
(512, 40, 12, 3, 8, '2017-02-25', 0),
(513, 40, 13, 2, 6, '2017-05-07', 1),
(514, 40, 4, 4, 8, '2017-04-29', 0),
(515, 41, 11, 4, 6, '2017-03-23', 0),
(516, 42, 5, 4, 1, '2017-01-27', 1),
(517, 42, 5, 3, 10, '2017-01-27', 1),
(518, 43, 9, 4, 9, '2017-05-28', 0),
(519, 44, 2, 2, 1, '2017-05-11', 0),
(520, 45, 10, 2, 6, '2017-03-24', 0),
(521, 46, 11, 2, 6, '2017-05-29', 1),
(522, 47, 7, 2, 1, '2017-03-02', 1),
(523, 47, 11, 4, 2, '2017-05-13', 0),
(524, 47, 3, 2, 6, '2017-05-16', 1),
(525, 48, 7, 1, 3, '2017-01-22', 1),
(526, 49, 8, 5, 10, '2017-04-29', 0),
(527, 49, 11, 5, 9, '2017-01-27', 0),
(528, 49, 10, 1, 1, '2017-03-27', 0),
(529, 50, 14, 4, 3, '2017-05-06', 1),
(530, 50, 9, 3, 4, '2017-02-20', 0),
(531, 50, 9, 4, 4, '2017-03-25', 1),
(532, 51, 8, 3, 1, '2017-03-20', 0),
(533, 52, 12, 5, 5, '2017-04-20', 0),
(534, 52, 3, 4, 3, '2017-02-18', 0),
(535, 52, 7, 1, 3, '2017-03-28', 1),
(536, 53, 3, 4, 10, '2017-02-24', 0),
(537, 53, 11, 1, 6, '2017-01-02', 1),
(538, 53, 9, 3, 9, '2017-04-19', 0);

-- --------------------------------------------------------

--
-- Structure de la table `difficulte`
--

CREATE TABLE `difficulte` (
  `id` int(11) NOT NULL,
  `nom` varchar(50) NOT NULL
) ENGINE=InnoDB DEFAULT CHARSET=utf8;

--
-- Contenu de la table `difficulte`
--

INSERT INTO `difficulte` (`id`, `nom`) VALUES
(1, 'Normal'),
(2, 'Héroïque'),
(3, 'Mythique'),
(4, 'Extraordinaire'),
(5, 'Légendaire');

-- --------------------------------------------------------

--
-- Structure de la table `donjon`
--

CREATE TABLE `donjon` (
  `id` int(11) NOT NULL,
  `nom` varchar(50) NOT NULL,
  `boss` int(11) NOT NULL
) ENGINE=InnoDB DEFAULT CHARSET=utf8;

--
-- Contenu de la table `donjon`
--

INSERT INTO `donjon` (`id`, `nom`, `boss`) VALUES
(1, 'Le Fort d\'Ebène', 1),
(2, 'La Forêt Enchantée.', 2),
(3, 'Bosquet des âmes', 3),
(4, 'Le Cauchemar draconique', 4),
(5, 'Le Laboratoire oublié', 5),
(6, 'Le Tréfond', 6),
(7, 'Le Temple Maudit', 7),
(8, 'La Corniche Ardente', 8),
(9, 'La Prison', 9),
(10, 'Le tertre des centaures', 10),
(11, 'Le Mécalab', 11),
(12, 'Le Chateau des Profondeurs', 12),
(13, 'La Menuiserie', 13),
(14, 'Les Enclos Hurlants', 14),
(15, 'La Plaine des Morts', 15);

-- --------------------------------------------------------

--
-- Structure de la table `personnage`
--

CREATE TABLE `personnage` (
  `id` int(11) NOT NULL,
  `nom` varchar(50) CHARACTER SET utf8 NOT NULL,
  `prenom` varchar(50) CHARACTER SET utf8 NOT NULL,
  `sexe` tinyint(1) NOT NULL,
  `niveau` int(11) NOT NULL,
  `classe` int(11) NOT NULL,
  `race` int(11) NOT NULL,
  `or` int(11) NOT NULL,
  `nombre_quete_finies` int(11) NOT NULL,
  `nombre_monstre_tues` int(11) NOT NULL
) ENGINE=InnoDB DEFAULT CHARSET=utf32;

--
-- Contenu de la table `personnage`
--

INSERT INTO `personnage` (`id`, `nom`, `prenom`, `sexe`, `niveau`, `classe`, `race`, `or`, `nombre_quete_finies`, `nombre_monstre_tues`) VALUES
(1, '﻿ALEXANDRE', 'Marine', 1, 81, 3, 1, 538, 461, 573),
(2, 'ALFIERI-BONNIER', 'Gaétan', 0, 53, 9, 8, 464, 480, 843),
(3, 'ANDRIEUX', 'Rémi', 0, 84, 6, 1, 856, 37, 826),
(4, 'ATACAN', 'Jacques', 0, 5, 8, 5, 984, 323, 822),
(5, 'AZIZI', 'Gianni', 0, 95, 1, 1, 962, 11, 725),
(6, 'BARNY', 'Steven', 0, 4, 5, 3, 995, 384, 275),
(7, 'BELHAJ', 'Sanae', 1, 79, 5, 8, 636, 460, 303),
(8, 'BELLEC', 'Renaud', 0, 90, 5, 6, 28, 116, 984),
(9, 'BELLENGER', 'Yves', 0, 52, 8, 2, 159, 213, 89),
(11, 'BERANGER', 'Aurélien', 0, 80, 5, 6, 314, 347, 115),
(12, 'BORDIER', 'Romain', 0, 36, 4, 5, 782, 154, 795),
(13, 'BORNSTEIN', 'Alexandre', 0, 77, 6, 6, 380, 192, 913),
(14, 'BRAZIER', 'François-Xavier', 0, 28, 5, 7, 66, 117, 959),
(15, 'CHAKIRI', 'Mohamed-Yassir', 0, 11, 6, 3, 140, 324, 514),
(16, 'CORNETTE', 'Gauthier', 0, 70, 9, 4, 497, 64, 504),
(17, 'COSKUN', 'Antoine', 0, 96, 7, 7, 875, 73, 449),
(18, 'DALEX', 'Tanguy', 0, 51, 4, 4, 105, 197, 711),
(19, 'DESCHAMPS', 'Manon', 1, 97, 2, 2, 365, 16, 749),
(20, 'DIOP', 'Amadou', 0, 14, 2, 6, 423, 470, 362),
(21, 'DORLEAN', 'Alan', 0, 32, 3, 7, 892, 482, 945),
(22, 'DUBOIS', 'Alexandre', 0, 49, 1, 1, 481, 86, 737),
(25, 'FLEGEAU', 'Yoann', 0, 11, 9, 8, 684, 43, 652),
(26, 'FOLTZ', 'Léo', 0, 46, 10, 7, 442, 407, 286),
(27, 'FOSTER', 'Dylan', 0, 37, 8, 6, 10, 45, 726),
(28, 'FRADEIRA', 'Guillaume', 0, 39, 10, 1, 908, 270, 522),
(29, 'GARCIA', 'Victor', 0, 58, 5, 4, 498, 382, 821),
(30, 'GASANOV', 'Shamil', 0, 67, 3, 1, 239, 288, 608),
(31, 'GUIBERT', 'Laurie', 1, 39, 3, 7, 930, 131, 968),
(32, 'HAAS', 'Myriam', 1, 69, 1, 6, 967, 414, 325),
(33, 'HUMBERT', 'Simon', 0, 98, 4, 4, 586, 122, 700),
(34, 'INTHA-AMNOUAY', 'Marc', 0, 37, 2, 8, 122, 352, 954),
(35, 'JEAN', 'Guillaume', 0, 98, 3, 2, 249, 433, 46),
(36, 'JONCHERAY', 'Maxence', 0, 11, 10, 5, 236, 54, 277),
(37, 'LAMBOT', 'Romain', 0, 55, 9, 4, 198, 391, 540),
(38, 'LEMAY', 'Michael', 0, 82, 1, 6, 341, 225, 574),
(39, 'LENFANT', 'Valentin', 0, 37, 9, 1, 216, 74, 211),
(40, 'LI', 'Yuan-Peng', 0, 89, 8, 1, 967, 316, 627),
(41, 'LUCE', 'Mathilde', 1, 56, 3, 5, 583, 311, 591),
(42, 'MABROUCK-MATROUD', 'Abdel-Latif', 0, 25, 10, 6, 146, 31, 717),
(43, 'MALDAT', 'Cyriaque', 0, 81, 5, 6, 81, 180, 711),
(44, 'MARCHAND', 'Jeremy', 0, 30, 10, 3, 409, 323, 625),
(45, 'MEKSAVANH', 'Teddy', 0, 25, 7, 8, 991, 9, 103),
(46, 'MESSAOUDENE', 'Youcef', 0, 93, 4, 2, 787, 396, 633),
(47, 'MILLET', 'Lucas', 0, 56, 4, 3, 95, 376, 797),
(48, 'MILOUX', 'Yann', 0, 56, 7, 6, 811, 202, 522),
(49, 'MOLAVY', 'Timothé', 0, 87, 5, 1, 673, 109, 326),
(50, 'MONDESIR', 'Matthieu', 0, 10, 5, 2, 514, 444, 573),
(51, 'MONJARET', 'Vincent', 0, 86, 7, 1, 507, 287, 719),
(52, 'MORAND', 'Kevin', 0, 95, 1, 3, 425, 76, 567),
(53, 'MOREAU', 'Jérémy', 0, 67, 9, 8, 879, 237, 509),
(54, 'NEROT', 'Charles', 0, 2, 4, 2, 576, 301, 786),
(55, 'PATEL', 'Hiren', 0, 96, 7, 4, 568, 37, 727),
(56, 'POIRIER', 'Elise', 1, 70, 6, 5, 499, 72, 10),
(57, 'QUIRIN', 'Guillaume', 0, 90, 1, 8, 857, 17, 904),
(58, 'RENAULT', 'Antoine', 0, 92, 5, 4, 225, 92, 522),
(59, 'RIBEIRO', 'Johnny', 0, 13, 6, 4, 527, 253, 71),
(60, 'RICHARD', 'Romain', 0, 7, 3, 5, 285, 314, 102),
(61, 'TRETON', 'Alexis', 0, 80, 4, 4, 860, 74, 760),
(62, 'YOUN', 'Didier', 0, 7, 9, 1, 710, 441, 32);

-- --------------------------------------------------------

--
-- Structure de la table `race`
--

CREATE TABLE `race` (
  `id` int(11) NOT NULL,
  `nom` varchar(30) NOT NULL,
  `description` varchar(250) NOT NULL
) ENGINE=InnoDB DEFAULT CHARSET=utf8;

--
-- Contenu de la table `race`
--

INSERT INTO `race` (`id`, `nom`, `description`) VALUES
(1, 'Humain', 'La race des hommes est l\'une des race les plus représenté à ce jour, bien qu\'ils ne soient pas les plus sages.'),
(2, 'Elfes', 'Les elfes existent sur ces terres depuis des siècles.\r\nIls sont synonymes de grâce, d\'élégance et de précision. Leur sagesse n\'a nul égal.'),
(3, 'Nain', 'Les nains sont de petits être barbus et costaud.\r\nLeur amour pour l\'or n\'a pas d\'égal. On en trouve souvent dans les montagnes où ils creusent pour trouver de l\'or.'),
(4, 'Orcs', 'Les orcs sont laids et brusque, mais ils sont dotés d\'une grande force physique et ils sont très nombreux.\r\nLa légende dit qu\'il s\'agirait d\'elfe maudits et morts au combat.'),
(5, 'Trolls', 'Les trolls sont les ennemis jurés des elfes.\r\nPeuple de la forêt, chassés et maudits, ils pratiquent le vaudou et de nombreux rituels.'),
(6, 'Gobelins', 'Les gobelins sont un dérivé des orcs.\r\nLeur seule particularité est qu\'ils sont petit, moins fort mais vraiment très très nombreux.\r\nLeur yeux ne supportent pas la lumière du jour.'),
(7, 'Nagas', 'Peuple des mers, les amphibies sont très puissant lorsqu\'ils se battent dans l\'eau.'),
(8, 'Felinis', 'Cette race d\'homme-chat fait preuve d\'une sauvagerie sans nom quand on les prive de leur repas.\r\nIls sont également très facilement distrait.');

--
-- Index pour les tables exportées
--

--
-- Index pour la table `boss`
--
ALTER TABLE `boss`
  ADD PRIMARY KEY (`id`);

--
-- Index pour la table `classe`
--
ALTER TABLE `classe`
  ADD PRIMARY KEY (`id`);

--
-- Index pour la table `combat`
--
ALTER TABLE `combat`
  ADD PRIMARY KEY (`id`);

--
-- Index pour la table `difficulte`
--
ALTER TABLE `difficulte`
  ADD PRIMARY KEY (`id`);

--
-- Index pour la table `donjon`
--
ALTER TABLE `donjon`
  ADD PRIMARY KEY (`id`);

--
-- Index pour la table `personnage`
--
ALTER TABLE `personnage`
  ADD PRIMARY KEY (`id`);

--
-- Index pour la table `race`
--
ALTER TABLE `race`
  ADD PRIMARY KEY (`id`);

/*!40101 SET CHARACTER_SET_CLIENT=@OLD_CHARACTER_SET_CLIENT */;
/*!40101 SET CHARACTER_SET_RESULTS=@OLD_CHARACTER_SET_RESULTS */;
/*!40101 SET COLLATION_CONNECTION=@OLD_COLLATION_CONNECTION */;
